bank name -,delivery through:,less :,GSTIN_1,state code :,a/c. no .,branch & ifs code :,order no.,add:,GSTIN_2,dt. :,delivery at:,mrn no,website :,village :,plot,rupees (in words) :,district :,signat,n.b.:,total :,buyer's name & address :,"date,",invoice no. :,buyer's contact no.,Description,HSN Code,Quantity,UOM,Rate/Unit,"Amount
Rs.",P.
AXIS BANK LTD,VRL Logistics Ltd,Round Off,19ATQPM0694P1ZM,19,391010200011501,"HOWRAH, UTIB0000391",NCCL/EDV-SWSM-,IGST,09AAACN7335C1ZN,01.04.2022,"M/S. NCC Limited,",05-100033,www.smeflanges.com,"Sandi Nagin Chowk, Near Dighiya Market,","no.238 & 239,",Six Thousand Four Hundred Fifty Three Only.,Raebareli - 229010 (UP),udy,Please Pay By A/C Payee Cheque Only.,6453 00,"M/s NCC Limited
Plot no.238 & 239, Village : Sandi Nagin Chowk, Near Dighiya Market,
NH- 128, Sultanpur Main Road, District : Raebareli - 229010 (UP)",31/5/22,SME-005/22-23,9966089671,80NB M.S SORF FLANGE,730791,,,,,
,,,,,,,,,,,,,,,,,,,,,,,,,80NB EPDM RUBBER GASKET,401693,01,SET,644.00,644,00
,,,,,,,,,,,,,,,,,,,,,,,,,"M-16 X 80mm Long Nut,Bolt & Double Washer",731811,,,,,
,,,,,,,,,,,,,,,,,,,,,,,,,100NB M.S SORF FLANGE,730791,,,,,
,,,,,,,,,,,,,,,,,,,,,,,,,"DNB EPDM RUBBER GASKET
M-16 X 80mm Long Nut,Bolt & Double Washer
125NB M.S SORF FLANGE","401693
731811
730791",01,SET,734.00,734,00
,,,,,,,,,,,,,,,,,,,,,,,,,125NB EPDM RUBBER GASKET,401693,01,SET,929.00,929,00
,,,,,,,,,,,,,,,,,,,,,,,,,"M-16 X 80mm Long Nut, Bolt & Double Washer",73181.1,,,,,
,,,,,,,,,,,,,,,,,,,,,,,,,150NB M.S SORF FLANGE,730791,,,,,
,,,,,,,,,,,,,,,,,,,,,,,,,150NB EPDM RUBBER GASKET,401693,01,SET,1349.00,1349,00
,,,,,,,,,,,,,,,,,,,,,,,,,"M-20 X 80mm Long Nut,Bolt & Double Washer
200NB M.S SORF FLANGE","731811
730791",,,,,
,,,,,,,,,,,,,,,,,,,,,,,,,200NB EPDM RUBBER GASKET,401693,01,SET,1813.00,1813,00
,,,,,,,,,,,,,,,,,,,,,,,,,"M-20 X 100mm Long Nut, Bolt & Double Washer",731811,,,,,
