way bill no :,warehouse name :,dc date :,receipt type :,dc no :,po date :,po no :,lr date,way bill date :,supplier code / name :,mrn no :,lr no :,mrn date,GSTIN_1,stores incharge,prepared by,project incharge,tcs amount :,accounts ineharge,bill value,total mrn value,address :,bill date :,bill no :,pan no. :,tan no. :,job name :,Material Code,"Material
Description","HSN
Code",Uom,Dc Qty,"Received
Qty","Accepted
Qty","Rejected
Qty",Basic Rate,Discount,Net Value,IGST,CESS,Others,Gross Value
811229052215,SWSM RAEBARELI,02/05/2022,Receipt From PO,NES/22-23/023,01/04/2022,DREV013131,: 25-05-2022,24-05-2022 17:50:32,S146169 - NUPRO ENGINEERING SYNDICATE PVT LTD - HOWRAH,05-100096,9004456577,31/05/2022,19AABCN0665J1ZB,s,out,DAY,0.00,Less,"7,17,462.00","7,17,462.00",": 101/C, BRINDABON MULICK LANE,, KADAMTALA, HOWRAH - 711101. WEST BENGAL, INDIA
: 19AABCN0665J1ZB Pan No. : AABCN0665] Tan No. : CALN04832C",02/05/2022,NES/22-23/023,AABCN0665],CALN04832C,SWSM-RAEBARELI,151715276,"M.S-FLANGE-COMPA
MION
FLANGE-100MM",7307,Nos,224.000,224.000,224.000,0.000,798.00,0.00,178752.00,32175.36,0.00,0.00,210927.36
,,,,,,,,,,,,,,,,,,,,,,,,,,,151715279,"M.S-FLANGE-COMPA
MION
FLANGE-80MM",7307,Nos,291.000,291.000,291.000,0.000,"649.00
-",0.00,188859.00,33994.62,0.00,0.00,222853.62
,,,,,,,,,,,,,,,,,,,,,,,,,,,151715277,"M.S-FLANGE-COMPA
MION",7307,Nos,120.000,120.000,120.000,0.000,1274.00,0.00,152880.00,27518.40,0.00,0.00,180398.40
,,,,,,,,,,,,,,,,,,,,,,,,,,,151715280,"FLANGE-150MM
M.S-FLANGE-COMPA
MION
FLANGE-125MM",7307,Nos,34.000,34.000,34.000,0.000,912.00,0.00,31008.00,5581.44,0.00,-0.42,36589.02
,,,,,,,,,,,,,,,,,,,,,,,,,,,151715278,"M.S-FLANGE-COMPA
MION
FLANGE-200MM",7307,Nos,36.000,36.000,36.000,0.000,1570.00,0.00,56520.00,10173.60,0.00,0.00,66693.60
